1,10110103,吴忱,76,28,55
2,10110114,杨九莲,99,19,33
3,10110701,安芸芸,84,30,39
4,10130101,刘洋,70,48,35
5,10130117,崔志鹏,82,34,45
6,10130303,兰成,89,49,27
7,10130406,张慧贤,85,80,118
8,10130412,秦露,93,71,75
9,10130413,莫岚岚,87,61,57
10,10130423,廖俊杰,50,40,0
11,10130514,谢彪,0,0,0
12,10130515,高苗,84,44,95
13,10130528,向军,97,139,52
14,10130601,曾俊鸿,28,49,40
15,10130701,陈翔,86,107,56
16,10130721,邓林,64,57,51
17,10131029,刘杰锐,84,42,28
18,10131216,陈弘旭,75,29,31
19,10131322,罗屹,82,30,22
20,10131416,罗汉霖,78,28,52
21,10131726,王涛,83,20,43
22,10150325,吕家敏,88,0,72
23,10150525,袁丁,56,0,59
24,10150626,彭力威,62,0,68
25,10150711,黄富娇,57,0,25
26,10150712,房弦霖,58,0,47
27,10151103,魏维,70,0,48
28,10151414,李斌娜,54,0,36
29,10230102,雷媛,83,43,45
30,10230104,杨宇轩,43,20,50
31,10230113,罗婉莹,91,20,74
32,10230118,王贝山,0,0,0
33,10230121,谢志强,81,23,23
34,10230126,刘映波,87,29,72
35,10230207,李佳辉,81,43,30
36,10230303,汪鑫,71,15,41
37,10230313,雍婷,70,24,32
38,10230321,黄丽萍,89,34,61
39,10230423,叶润滢,92,34,83
